input,hpo_strategy,f1_score,evaluation_time
Breast Cancer,GraspHpo,0.9645092460881936,11.21770191192627
Digits,GraspHpo,0.9750881294759569,23.29422402381897
Iris,GraspHpo,0.9672820512820512,8.887840747833252
Wine,GraspHpo,0.9721455938697319,7.39033579826355
Ereno,GraspHpo,0.9385086824480288,24.658005475997925
