input,hpo_strategy,f1_score,evaluation_time
Breast Cancer,GraspHpo,9.112729999999999,1.584244966506958
Digits,GraspHpo,8.79258,2.113525629043579
Iris,GraspHpo,9.32562,0.9100010395050049
Wine,GraspHpo,9.15046,1.1355690956115723
Ereno,GraspHpo,8.930390000000001,4.0205278396606445
