input,hpo_strategy,f1_score
Breast Cancer,GraspHpo,0.9554882874504246
Digits,GraspHpo,0.9749898342650157
Iris,GraspHpo,0.9672820512820512
Wine,GraspHpo,0.9721455938697319
Ereno,GraspHpo,0.93399041559708
